시도,군구,주소,충전소명,기종(대),충전기타입,이용자제한
경기,광명시,경기도 광명시 가림일로 61,광명시 광명하안현대아파트,완속,AC완속,이용가능
경기,광명시,경기도 광명시 가림일로 79,광명도덕파크타운,완속,AC완속,이용가능
경기,광명시,경기도 광명시 가학로 119,수원~광명고속도로 남광명TG 주차장,급속,DC콤보,이용가능
경기,광명시,경기도 광명시 가학로85번길 142,광명시자원회수시설 주차장,완속,AC완속,이용가능
경기,광명시,경기도 광명시 광덕산로 26,광명두산위브트레지움,완속,AC완속,이용가능
경기,광명시,경기도 광명시 광명로,광명전통시장 공영주차장,급속,DC차데모+AC3상+DC콤보,이용가능
경기,광명시,경기도 광명시 광명로 351,광명 아이씨점 기아오토큐,완속,AC완속,이용가능
경기,광명시,경기도 광명시 광명로 721,광명시돔경륜장,완속,AC완속,이용가능
경기,광명시,경기도 광명시 광명로 721,광명시 경륜경정사업본부,완속,AC완속,이용가능
경기,광명시,경기도 광명시 광명로 877,광명한진아파트,완속,AC완속,이용가능
경기,광명시,경기도 광명시 광명로791번길 6 ,광명시 광명6동 주민센터,완속,AC완속,이용가능
경기,광명시,경기도 광명시 광명로831번길 45,경기광명 제일풍경채아파트,완속,AC완속,이용가능
경기,광명시,경기도 광명시 광명로831번길 45,제일풍경채아파트,완속,AC완속,이용자제한
경기,광명시,경기도 광명시 광명역로 26,광명역파크자이1차오피스텔상가,완속,AC완속,이용자제한
경기,광명시,경기도 광명시 광명역로 26,광명역파크자이 107동 지하2층 주차장-1,완속,AC완속,이용가능
경기,광명시,경기도 광명시 광명역로 26,광명역파크자이 107동 지하2층 주차장-2,완속,AC완속,이용가능
경기,광명시,경기도 광명시 광명역로 26,광명역파크자이 107동 지하2층 주차장-3,완속,AC완속,이용가능
경기,광명시,경기도 광명시 광명역로 26,광명역파크자이 102동 지하2층 주차장,완속,AC완속,이용가능
경기,광명시,경기도 광명시 광명역로 28,광명역센트럴자이오피스텔상가,완속,AC완속,이용자제한
경기,광명시,경기도 광명시 금당로 28,광명시 하안3동행정복지센터,완속,AC완속,이용가능
경기,광명시,경기도 광명시 금당로 28 ,광명시 하안3동 주민센터,완속,AC완속,이용가능
경기,광명시,경기도 광명시 금하로 458,광명 웅신아트오피스텔,완속,AC완속,이용가능
경기,광명시,경기도 광명시 금하로 529,비엔팰리스관리단,완속,AC완속,이용자제한
경기,광명시,경기도 광명시 기아로 115,광명 오토랜드 E-pit,급속,DC콤보,이용가능
경기,광명시,경기도 광명시 너부대로35번길 20,광명시 광명5동 주민센터,완속,AC완속,이용자제한
경기,광명시,경기도 광명시 덕안로 110,중앙대학교광명병원,급속,DC차데모+AC3상+DC콤보,이용가능
경기,광명시,경기도 광명시 덕안로 110,광명시 중앙대학교광명병원,완속,AC완속,이용가능
경기,광명시,경기도 광명시 덕안로 16,광명역B주차빌딩,급속,DC차데모+AC3상+DC콤보,이용가능
경기,광명시,경기도 광명시 덕안로104번길 17,광명시 광명역엠클러스터,완속,AC완속,이용가능
경기,광명시,경기도 광명시 도덕공원로 35,광명브라운스톤2차아파트,완속,AC완속,이용자제한
경기,광명시,경기도 광명시 도덕공원로 49,철산동 브라운스톤1차아파트,완속,AC완속,이용자제한
경기,광명시,경기도 광명시 도덕공원로 59,광명푸르지오아파트,완속,AC완속,이용자제한
경기,광명시,경기도 광명시 도덕로 56,광명중앙하이츠1,완속,AC완속,이용자제한
경기,광명시,경기도 광명시 도덕로 56,광명중앙하이츠2,완속,AC완속,이용자제한
경기,광명시,경기도 광명시 도덕로 56,광명중앙하이츠3,완속,AC완속,이용자제한
경기,광명시,경기도 광명시 도덕로 79,경기광명 상우1차아파트,완속,AC완속,이용가능
경기,광명시,경기도 광명시 도덕로28번안길 22,상우2차아파트입주자대표회의,완속,AC완속,이용자제한
경기,광명시,경기도 광명시 디지털로,광명경찰서,급속,DC차데모+AC3상+DC콤보,이용가능
경기,광명시,경기도 광명시 디지털로 24,경기광명 철산푸르지오하늘채 108동,완속,AC완속,이용가능
경기,광명시,경기도 광명시 디지털로 24,경기광명 철산푸르지오하늘채 103동,완속,AC완속,이용가능
경기,광명시,경기도 광명시 디지털로 56,철산래미안자이,완속,AC완속,이용자제한
경기,광명시,경기도 광명시 디지털로 56,광명철산래미안자이아파트,완속,AC완속,이용자제한
경기,광명시,경기도 광명시 디지털로 56,철산래미안자이아파트,완속,AC완속,이용자제한
경기,광명시,경기도 광명시 목감로 120,광명장애인복지타운,급속,DC콤보,이용가능
경기,광명시,경기도 광명시 목감로 58,광명해모로이연아파트,완속,AC완속,이용자제한
경기,광명시,경기도 광명시 목감로 58,광명해모로이연,완속,AC완속,이용가능
경기,광명시,경기도 광명시 목감로 88,광명현진에버빌아파트입주자대표회의,완속,AC완속,이용자제한
경기,광명시,경기도 광명시 범안로 777-21,광명시 환경수도사업소,완속,AC완속,이용자제한
경기,광명시,경기도 광명시 사성로 121,광명시 철산1동행정복지센터,완속,AC완속,이용가능
경기,광명시,경기도 광명시 사성로 121 ,광명시 철산1동 주민센터,완속,AC완속,이용가능
경기,광명시,"경기도 광명시 사성로 123 (철산동, 낙천대롯데아파트)",광명시 롯데아파트,완속,AC완속,이용가능
경기,광명시,경기도 광명시 사성로 74,광북공영주차장,급속,DC콤보,이용가능
경기,광명시,경기도 광명시 사성로 91,광명철산두산위브아파트,완속,AC완속,이용자제한
경기,광명시,경기도 광명시 새터로 44-8,광명아크포레자이위브아파트 2단지,완속,AC완속,이용가능
경기,광명시,경기도 광명시 새터로 44-9,경기 광명신원아파트,완속,AC완속,이용가능
경기,광명시,경기도 광명시 서독로 100,광명시 애니포바이포(애니오토샵),완속,AC완속,이용가능
경기,광명시,경기도 광명시 서독로 392,주식회사 광명역환승파크,완속,AC완속,이용가능
경기,광명시,경기도 광명시 서독로104번길 14,학온동주민센터,급속,DC콤보,이용가능
경기,광명시,경기도 광명시 서독로104번길 14 ,광명시 학온동 주민센터,완속,AC완속,이용가능
경기,광명시,경기도 광명시 서부샛길 778,디오스텔,완속,AC완속,이용자제한
경기,광명시,"경기도 광명시 서원로 13 (소하동, 광명역세권휴먼시아)",광명역세권휴먼시아5단지501동,완속,AC완속,이용가능
경기,광명시,"경기도 광명시 서원로 13 (소하동, 광명역세권휴먼시아)",광명역세권휴먼시아5단지508동,완속,AC완속,이용가능
경기,광명시,경기도 광명시 서원로 25,광명역세권휴먼시아2단지1(206동),완속,AC완속,이용자제한
경기,광명시,경기도 광명시 서원로 25,광명역세권휴먼시아2단지3(202동205동 우측),완속,AC완속,이용자제한
경기,광명시,경기도 광명시 서원로 25,광명역세권휴먼시아2단지2(202동205동 좌측),완속,AC완속,이용자제한
경기,광명시,경기도 광명시 성채로 36,광명역세권휴먼시아3단지301동,완속,AC완속,이용가능
경기,광명시,경기도 광명시 성채로 36,광명역세권휴먼시아3단지310동,완속,AC완속,이용가능
경기,광명시,경기도 광명시 성채로 36,광명역세권휴먼시아3단지303동,완속,AC완속,이용가능
경기,광명시,경기도 광명시 성채로 36,광명역세권휴먼시아3단지312동,완속,AC완속,이용가능
경기,광명시,경기도 광명시 성채로 37,광명역세권휴먼시아4단지,완속,AC완속,이용자제한
경기,광명시,경기도 광명시 성채로 52 ,광명시 소하2동 주민센터,완속,AC완속,이용가능
경기,광명시,경기도 광명시 성채안로 26,광명역세권휴먼시아1단지5주차장,완속,AC완속,이용가능
경기,광명시,경기도 광명시 성채안로 26,광명역세권휴먼시아1단지6주차장,완속,AC완속,이용가능
경기,광명시,경기도 광명시 성채안로 26,광명역세권휴먼시아1단지7주차장,완속,AC완속,이용가능
경기,광명시,경기도 광명시 성채안로 26,광명역세권휴먼시아1단지4주차장,완속,AC완속,이용가능
경기,광명시,경기도 광명시 성채안로 26,광명역세권휴먼시아1단지1주차장,완속,AC완속,이용가능
경기,광명시,경기도 광명시 소하1동 1339-2,소하제4노외주차장,급속,DC차데모+DC콤보,이용가능
경기,광명시,경기도 광명시 소하동,광명동굴 제3공영주차장,급속,DC콤보,이용가능
경기,광명시,경기도 광명시 소하동 신촌로 49 ,신촌휴먼시아1단지 아파트,급속,DC차데모+AC3상+DC콤보,이용자제한
경기,광명시,경기도 광명시 소하로 10,소하휴먼시아1단지 103동 B1주차장 10번 기둥,완속,AC완속,이용가능
경기,광명시,경기도 광명시 소하로 10,소하휴먼시아1단지 105동 B1 30번기둥 주차장,완속,AC완속,이용가능
경기,광명시,경기도 광명시 소하로 10,소하휴먼시아1단지 101동 B1주차장 06번기둥,완속,AC완속,이용가능
경기,광명시,경기도 광명시 소하로 144,광명오병이어교회,완속,AC완속,이용가능
경기,광명시,경기도 광명시 소하로 161,LH 광명소하휴먼시아6단지아파트,완속,AC완속,이용자제한
경기,광명시,경기도 광명시 소하로 162,경기광명 광명소하휴먼시아7단지 712동,완속,AC완속,이용가능
경기,광명시,경기도 광명시 소하로 162,경기광명 광명소하휴먼시아7단지 710동,완속,AC완속,이용가능
경기,광명시,경기도 광명시 소하로 189,광명신촌휴먼시아2단지,완속,AC완속,이용자제한
경기,광명시,경기도 광명시 소하로 190,광명시 광명G타워,완속,AC완속,이용가능
경기,광명시,경기도 광명시 소하로 25,광명시 소하1동행정복지센터,완속,AC완속,이용가능
경기,광명시,경기도 광명시 소하로 25 ,광명시 소하1동 주민센터,완속,AC완속,이용가능
경기,광명시,"경기도 광명시 소하로 38 (소하동, 휴먼시아2단지아파트)",광명소하휴먼시아2단지,완속,AC완속,이용가능
경기,광명시,경기도 광명시 소하로 97,광명시 이마트(광명소하점),완속,AC완속,이용가능
경기,광명시,경기도 광명시 소하로 97,이마트 광명소하점,급속,DC콤보,이용가능
경기,광명시,경기도 광명시 소하로92번길 11,광명시 소하람2차오피스텔,완속,AC완속,이용가능
경기,광명시,경기도 광명시 소하일로 6,광명골드클래스아파트,완속,AC완속,이용가능
경기,광명시,경기도 광명시 소하일로 7,소하도서관,급속,DC콤보,이용가능
경기,광명시,경기도 광명시 시청로 20,광명시청,급속,DC차데모+AC3상+DC콤보,이용가능
경기,광명시,경기도 광명시 시청로 20 ,광명시청,급속,DC차데모+AC3상+DC콤보,이용가능
경기,광명시,경기도 광명시 시청로 20 ,광명시 광명시청,완속,AC완속,이용가능
경기,광명시,경기도 광명시 신기로 21,대호홀딩스,완속,AC완속,이용자제한
경기,광명시,경기도 광명시 신촌로 49,신촌휴먼시아1단지,완속,AC완속,이용가능
경기,광명시,경기도 광명시 아방리3길 16-11,(주)애강그린텍,완속,AC완속,이용자제한
경기,광명시,경기도 광명시 안양천로502번길 12,광명리버빌주공101동,완속,AC완속,이용가능
경기,광명시,경기도 광명시 안현로 25,광명시 하안2동주민센터,완속,AC완속,이용가능
경기,광명시,경기도 광명시 안현로 54 ,광명시 하안4동 주민센터,완속,AC완속,이용가능
경기,광명시,경기도 광명시 양달로 7,광명역푸르지오아파트,완속,AC완속,이용자제한
경기,광명시,경기도 광명시 양지로 16,광명역써밋플레이스아파트입주자대표회의,완속,AC완속,이용자제한
경기,광명시,경기도 광명시 양지로 16,광명역써밋플레이스아파트 입주자대표회의,완속,AC완속,이용자제한
경기,광명시,경기도 광명시 양지로 16,아브뉴프랑상가,완속,AC완속,이용가능
경기,광명시,경기도 광명시 양지로 19,광명 유플래닛,완속,AC완속,이용가능
경기,광명시,경기도 광명시 양지로 9,데시앙스튜디오유-스트리트몰,완속,AC완속,이용자제한
경기,광명시,경기도 광명시 연서일로 10,광명시 연서도서관,급속,DC차데모+DC콤보,이용가능
경기,광명시,경기도 광명시 영당로22번길 5,성원아파트1(1동),완속,AC완속,이용자제한
경기,광명시,경기도 광명시 영당로22번길 5,성원아파트2(2동),완속,AC완속,이용자제한
경기,광명시,경기도 광명시 오리로 1035,기아 경륜대리점,완속,AC완속,이용자제한
경기,광명시,경기도 광명시 오리로 613,광명시 보건소주차장,완속,AC완속,이용가능
경기,광명시,경기도 광명시 오리로 701,차량등록사업소 뒷편 주차장,급속,DC콤보,이용가능
경기,광명시,경기도 광명시 오리로 747,광명시 하안1동행정복지센터,완속,AC완속,이용가능
경기,광명시,경기도 광명시 오리로 747 ,광명시 하안1동 주민센터,완속,AC완속,이용가능
경기,광명시,경기도 광명시 오리로 835,경기광명 철산센트럴푸르지오1,완속,AC완속,이용가능
경기,광명시,경기도 광명시 오리로 835,경기광명 철산센트럴푸르지오2,완속,AC완속,이용가능
경기,광명시,경기도 광명시 오리로 835,경기광명 철산센트럴푸르지오3,완속,AC완속,이용가능
경기,광명시,경기도 광명시 오리로287,광명시 오리서원,완속,AC완속,이용가능
경기,광명시,경기도 광명시 오리로397번길 18,소하개운고층아파트,완속,AC완속,이용가능
경기,광명시,"경기도 광명시 오리로397번길 18 (소하동, 개운아파트)",소하동개운고층아파트,완속,AC완속,이용가능
경기,광명시,경기도 광명시 오리로854번길 10,광명시 열린시민청,완속,AC완속,이용가능
경기,광명시,경기도 광명시 원광명안로 48,광명시 광명도서관,급속,DC차데모+AC3상+DC콤보,이용가능
경기,광명시,경기도 광명시 일직로 17,이케아 광명점(회원전용),완속,AC완속,이용자제한
경기,광명시,경기도 광명시 일직로 40,코스트코 광명점,완속,AC완속,이용가능
경기,광명시,경기도 광명시 일직로 40,코스트코광명점제2주차장,완속,AC완속,이용가능
경기,광명시,경기도 광명시 일직로 43,광명GIDC 지식산업센터,완속,AC완속,이용자제한
경기,광명시,경기도 광명시 일직로12번길 22,라까사호텔광명,완속,AC완속,이용가능
경기,광명시,경기도 광명시 철망산로 2,광명시 평생학습원,급속,DC차데모+DC콤보,이용가능
경기,광명시,경기도 광명시 철망산로 2,광명시청평생교육사업소,급속,DC차데모+AC3상+DC콤보,이용자제한
경기,광명시,경기도 광명시 철망산로 46,하안도서관,급속,DC콤보,이용가능
경기,광명시,"경기도 광명시 철산로 13-12 (철산동, 쌍마한신아파트)",광명 쌍마한신아파트,완속,AC완속,이용가능
경기,광명시,경기도 광명시 철산로 3-13,광명지사(공용),급속,DC콤보,이용가능
경기,광명시,경기도 광명시 철산로 3-13,광명지사,급속,DC차데모+AC3상+DC콤보,이용가능
경기,광명시,경기도 광명시 철산로 56,광명시 철산도서관,급속,DC차데모+AC3상+DC콤보,이용가능
경기,광명시,경기도 광명시 철산로 56 ,광명시 철산3동 주민센터,완속,AC완속,이용가능
경기,광명시,경기도 광명시 하안동 오리로 801,e편한세상센트레빌1단지,급속,DC차데모+AC3상+DC콤보,이용자제한
경기,광명시,경기도 광명시 하안동 오리로 801,e편한세상센트레빌2단지,급속,DC차데모+AC3상+DC콤보,이용자제한
경기,광명시,경기도 광명시 하안동 오리로 801,e편한세상센트레빌3단지,급속,DC차데모+AC3상+DC콤보,이용자제한
경기,광명시,경기도 광명시 하안로 154,소하동금호어울림아파트입주자대표회의,완속,AC완속,이용자제한
경기,광명시,경기도 광명시 하안로 154,금호어울림아파트(광명),완속,AC완속,이용자제한
경기,광명시,"경기도 광명시 하안로 154 (소하동, 금호어울림아파트)",소하동금호어울림아파트,완속,AC완속,이용가능
경기,광명시,경기도 광명시 하안로 180-14,광명소하동우림필유아파트,완속,AC완속,이용자제한
경기,광명시,경기도 광명시 하안로 180-14,광명소하우림필유아파트,완속,AC완속,이용자제한
경기,광명시,경기도 광명시 하안로 198,소하동양2차아파트,완속,AC완속,이용자제한
경기,광명시,경기도 광명시 하안로 198,경기광명 소하동양2차아파트,완속,AC완속,이용가능
경기,광명시,경기도 광명시 하안로 198,소하동양아파트입주자대표회의1,완속,AC완속,이용가능
경기,광명시,경기도 광명시 하안로 204,광명소하동양101동,완속,AC완속,이용가능
경기,광명시,경기도 광명시 하안로 60,광명SK테크노파크,완속,AC완속,이용자제한
