"행정구역","2025년_계_총인구수","2025년_계_연령구간인구수","2025년_계_0~9세","2025년_계_10~19세","2025년_계_20~29세","2025년_계_30~39세","2025년_계_40~49세","2025년_계_50~59세","2025년_계_60~69세","2025년_계_70~79세","2025년_계_80~89세","2025년_계_90~99세","2025년_계_100세 이상"
"서울특별시  (1100000000)","9,299,548","9,299,548","460,662","717,871","1,254,885","1,462,944","1,364,640","1,467,714","1,318,843","827,265","367,911","55,400","1,413"
"서울특별시 종로구 (1111000000)","137,048","137,048","5,090","9,193","20,206","19,869","18,245","22,755","21,001","12,563","6,880","1,212","34"
"서울특별시 중구 (1114000000)","117,805","117,805","4,977","5,804","15,716","21,222","16,098","17,798","17,909","11,441","5,815","1,003","22"
"서울특별시 용산구 (1117000000)","201,894","201,894","9,820","12,621","26,573","37,242","29,059","31,845","28,281","16,211","8,608","1,583","51"
"서울특별시 성동구 (1120000000)","274,606","274,606","15,681","17,165","37,856","48,293","39,573","42,695","38,575","22,283","10,879","1,577","29"
"서울특별시 광진구 (1121500000)","331,167","331,167","13,508","22,857","54,837","56,825","46,047","51,075","45,849","26,578","11,752","1,796","43"
"서울특별시 동대문구 (1123000000)","346,241","346,241","17,504","22,618","55,051","53,955","47,779","52,288","48,750","31,084","15,065","2,096","51"
"서울특별시 중랑구 (1126000000)","376,916","376,916","16,636","23,083","44,939","58,837","50,816","61,690","64,302","37,930","16,339","2,284","60"
"서울특별시 성북구 (1129000000)","422,559","422,559","21,457","33,816","62,619","56,948","59,783","70,663","58,704","37,158","18,583","2,758","70"
"서울특별시 강북구 (1130500000)","278,928","278,928","9,574","17,809","34,252","34,352","36,304","48,504","47,694","32,262","16,108","2,027","42"
"서울특별시 도봉구 (1132000000)","299,899","299,899","11,838","21,204","33,286","37,312","39,660","51,981","53,231","33,152","15,828","2,339","68"
"서울특별시 노원구 (1135000000)","483,541","483,541","22,895","44,100","61,120","61,093","69,011","83,880","72,485","44,781","20,656","3,435","85"
"서울특별시 은평구 (1138000000)","455,137","455,137","20,384","33,611","55,923","66,656","64,706","76,614","69,129","43,913","21,185","2,947","69"
"서울특별시 서대문구 (1141000000)","300,147","300,147","15,242","21,655","44,945","44,999","42,084","47,668","41,839","25,675","13,878","2,106","56"
"서울특별시 마포구 (1144000000)","357,616","357,616","18,267","25,708","54,593","64,726","54,455","55,719","42,765","25,467","13,685","2,181","50"
"서울특별시 양천구 (1147000000)","425,088","425,088","22,589","46,288","46,798","51,738","69,380","72,020","62,434","37,579","14,000","2,198","64"
"서울특별시 강서구 (1150000000)","549,711","549,711","26,686","40,113","71,534","96,262","81,783","81,228","79,050","50,070","19,639","3,254","92"
"서울특별시 구로구 (1153000000)","383,829","383,829","19,594","27,024","45,909","61,451","54,865","59,948","58,063","38,720","16,077","2,137","41"
"서울특별시 금천구 (1154500000)","223,290","223,290","8,321","12,044","31,715","39,718","27,627","35,047","36,991","21,450","9,133","1,217","27"
"서울특별시 영등포구 (1156000000)","371,362","371,362","19,733","22,319","52,748","74,165","52,167","53,808","48,966","30,801","14,390","2,206","59"
"서울특별시 동작구 (1159000000)","371,924","371,924","17,337","24,840","59,875","61,508","51,152","56,265","50,118","33,020","15,477","2,277","55"
"서울특별시 관악구 (1162000000)","477,605","477,605","13,937","23,529","101,391","94,020","57,847","64,465","60,035","41,201","18,902","2,234","44"
"서울특별시 서초구 (1165000000)","414,428","414,428","26,397","45,727","48,067","57,737","71,274","68,057","48,785","32,570","13,586","2,162","66"
"서울특별시 강남구 (1168000000)","556,330","556,330","31,995","64,057","63,159","80,655","100,055","88,475","63,863","44,135","17,127","2,725","84"
"서울특별시 송파구 (1171000000)","643,350","643,350","39,189","56,919","76,161","105,907","103,747","97,982","87,780","53,311","19,065","3,206","83"
"서울특별시 강동구 (1174000000)","499,127","499,127","32,011","43,767","55,612","77,454","81,123","75,244","72,244","43,910","15,254","2,440","68"
"부산광역시  (2600000000)","3,241,600","3,241,600","169,897","264,817","338,697","388,297","460,252","529,003","552,882","364,498","151,877","20,950","430"
"부산광역시 중구 (2611000000)","36,518","36,518","619","1,491","4,663","4,056","3,887","5,949","7,242","5,663","2,590","349","9"
"부산광역시 서구 (2614000000)","101,892","101,892","4,130","7,013","10,702","10,109","12,728","16,522","18,995","14,100","6,630","937","26"
"부산광역시 동구 (2617000000)","83,851","83,851","3,478","4,512","8,048","10,620","10,529","13,458","15,098","11,597","5,686","812","13"
"부산광역시 영도구 (2620000000)","101,580","101,580","3,549","6,339","8,745","8,884","12,081","16,827","20,514","16,207","7,498","920","16"
"부산광역시 부산진구 (2623000000)","365,378","365,378","18,498","24,369","46,736","54,188","49,208","56,080","58,776","38,509","16,755","2,216","43"
"부산광역시 동래구 (2626000000)","273,277","273,277","17,061","26,451","25,759","32,198","42,439","44,444","42,707","29,007","11,594","1,593","24"
"부산광역시 남구 (2629000000)","250,668","250,668","12,319","21,882","30,291","26,707","34,860","41,433","40,007","28,753","12,730","1,659","27"
"부산광역시 북구 (2632000000)","262,862","262,862","13,266","20,322","25,134","31,369","33,843","45,523","51,903","28,959","10,982","1,527","34"
"부산광역시 해운대구 (2635000000)","372,604","372,604","20,186","35,026","35,671","41,196","55,526","65,790","62,155","38,116","16,443","2,444","51"
"부산광역시 사하구 (2638000000)","286,222","286,222","12,415","22,787","29,410","30,405","39,078","49,246","53,774","34,351","12,991","1,720","45"
"부산광역시 금정구 (2641000000)","206,588","206,588","7,942","15,330","25,753","20,681","25,428","33,724","38,637","26,189","11,213","1,655","36"
"부산광역시 강서구 (2644000000)","150,299","150,299","16,592","17,834","10,574","23,846","31,199","18,652","17,703","9,940","3,397","553","9"
"부산광역시 연제구 (2647000000)","211,727","211,727","12,372","17,146","21,460","28,319","31,043","33,728","33,646","23,130","9,585","1,276","22"
"부산광역시 수영구 (2650000000)","169,112","169,112","7,426","11,312","19,695","22,854","22,928","26,053","27,698","20,867","8,988","1,267","24"
"부산광역시 사상구 (2653000000)","194,124","194,124","7,447","13,142","21,346","22,706","24,047","33,527","40,264","22,788","7,882","957","18"
"부산광역시 기장군 (2671000000)","174,898","174,898","12,597","19,861","14,710","20,159","31,428","28,047","23,763","16,322","6,913","1,065","33"
"대구광역시  (2700000000)","2,353,032","2,353,032","134,314","212,906","253,449","285,101","335,855","412,159","379,877","222,194","101,260","15,626","291"
"대구광역시 중구 (2711000000)","101,007","101,007","8,203","7,486","13,487","18,227","14,930","14,204","11,491","8,034","4,260","667","18"
"대구광역시 동구 (2714000000)","339,281","339,281","19,217","25,913","33,846","44,269","46,715","56,111","56,508","36,985","17,195","2,473","49"
"대구광역시 서구 (2717000000)","163,956","163,956","6,887","9,729","14,674","19,694","19,507","28,685","33,579","20,882","9,100","1,197","22"
"대구광역시 남구 (2720000000)","135,542","135,542","5,093","8,045","15,892","16,559","16,598","22,628","23,733","16,950","8,592","1,425","27"
"대구광역시 북구 (2723000000)","409,854","409,854","22,000","37,573","50,746","48,349","57,050","76,546","64,516","34,665","16,022","2,339","48"
"대구광역시 수성구 (2726000000)","409,222","409,222","24,435","47,379","42,854","42,486","63,180","74,167","59,513","35,372","16,875","2,912","49"
"대구광역시 달서구 (2729000000)","517,059","517,059","27,436","48,790","58,822","61,128","72,478","94,831","86,489","45,474","18,764","2,799","48"
"대구광역시 달성군 (2771000000)","254,659","254,659","20,598","27,174","22,224","33,257","43,760","41,473","37,781","19,343","7,742","1,281","26"
"대구광역시 군위군 (2772000000)","22,452","22,452","445","817","904","1,132","1,637","3,514","6,267","4,489","2,710","533","4"
"인천광역시  (2800000000)","3,051,961","3,051,961","189,273","275,968","338,166","431,527","474,182","515,390","473,360","234,027","101,412","18,107","549"
"인천광역시 중구 (2811000000)","176,467","176,467","12,799","15,957","21,818","29,243","29,509","27,039","21,398","12,428","5,345","901","30"
"인천광역시 중구영종출장소 (2811400000)","0","0","0","0","0","0","0","0","0","0","0","0","0"
"인천광역시 중구용유출장소 (2811800000)","0","0","0","0","0","0","0","0","0","0","0","0","0"
"인천광역시 동구 (2814000000)","56,477","56,477","2,308","4,176","5,256","6,147","7,925","9,591","9,961","7,104","3,459","536","14"
"인천광역시 미추홀구 (2817700000)","417,578","417,578","23,167","32,315","49,101","58,650","62,595","68,730","65,037","37,837","17,280","2,796","70"
"인천광역시 연수구 (2818500000)","409,437","409,437","32,670","47,542","45,387","57,046","71,050","68,177","54,450","22,006","9,171","1,874","64"
"인천광역시 남동구 (2820000000)","480,147","480,147","23,616","44,437","53,994","60,729","73,012","84,538","79,248","40,693","16,949","2,840","91"
"인천광역시 부평구 (2823700000)","490,442","490,442","26,208","38,181","54,797","74,027","70,581","83,649","81,554","40,638","17,620","3,109","78"
"인천광역시 계양구 (2824500000)","277,721","277,721","11,886","21,366","31,632","37,223","37,407","52,552","53,414","21,237","9,218","1,718","68"
"인천광역시 서구 (2826000000)","654,358","654,358","53,555","66,877","69,854","101,959","113,276","107,294","86,785","37,456","14,540","2,668","94"
"인천광역시 서구검단출장소 (2826500000)","0","0","0","0","0","0","0","0","0","0","0","0","0"
"인천광역시 강화군 (2871000000)","69,698","69,698","2,538","4,245","4,144","4,861","6,923","10,725","16,735","11,651","6,497","1,354","25"
"인천광역시 옹진군 (2872000000)","19,636","19,636","526","872","2,183","1,642","1,904","3,095","4,778","2,977","1,333","311","15"
"광주광역시  (2900000000)","1,392,013","1,392,013","86,156","144,022","170,562","173,650","212,971","240,691","194,014","110,125","51,329","8,307","186"
"광주광역시 동구 (2911000000)","104,888","104,888","6,587","7,633","13,401","14,230","14,059","15,475","15,401","11,173","6,014","899","16"
"광주광역시 서구 (2914000000)","275,063","275,063","14,619","26,625","35,696","33,731","40,505","49,394","39,655","22,725","10,375","1,698","40"
"광주광역시 남구 (2915500000)","207,596","207,596","12,728","23,073","21,564","23,056","32,342","32,796","30,501","20,393","9,532","1,565","46"
"광주광역시 북구 (2917000000)","416,862","416,862","25,645","39,409","49,492","53,017","61,303","70,899","62,898","35,575","16,018","2,558","48"
"광주광역시 광산구 (2920000000)","387,604","387,604","26,577","47,282","50,409","49,616","64,762","72,127","45,559","20,259","9,390","1,587","36"
"대전광역시  (3000000000)","1,440,729","1,440,729","86,776","135,747","187,702","194,991","209,116","242,187","208,677","115,183","51,386","8,752","212"
"대전광역시 동구 (3011000000)","218,664","218,664","11,129","18,350","27,959","25,397","29,307","36,231","35,276","22,499","10,824","1,654","38"
"대전광역시 중구 (3014000000)","225,645","225,645","11,812","19,627","25,108","26,361","31,098","38,579","35,552","23,882","11,666","1,911","49"
"대전광역시 서구 (3017000000)","463,351","463,351","27,716","46,072","63,470","65,423","69,313","76,974","63,731","33,913","14,199","2,486","54"
"대전광역시 유성구 (3020000000)","367,534","367,534","28,491","38,342","52,274","58,271","58,067","58,674","44,366","19,574","7,847","1,586","42"
"대전광역시 대덕구 (3023000000)","165,535","165,535","7,628","13,356","18,891","19,539","21,331","31,729","29,752","15,315","6,850","1,115","29"
"울산광역시  (3100000000)","1,091,948","1,091,948","67,470","109,694","110,774","136,897","169,091","198,246","179,413","85,901","29,927","4,435","100"
"울산광역시 중구 (3111000000)","204,169","204,169","11,656","18,902","19,086","24,604","29,702","36,535","36,386","19,387","7,051","845","15"
"울산광역시 남구 (3114000000)","304,128","304,128","17,660","27,941","34,457","41,867","44,616","56,157","49,289","23,493","7,594","1,026","28"
"울산광역시 동구 (3117000000)","149,257","149,257","9,104","16,432","14,296","17,163","26,084","24,229","25,077","12,853","3,551","452","16"
"울산광역시 북구 (3120000000)","215,220","215,220","17,182","25,562","21,429","29,482","37,841","38,113","29,871","11,095","3,983","648","14"
"울산광역시 울주군 (3171000000)","219,174","219,174","11,868","20,857","21,506","23,781","30,848","43,212","38,790","19,073","7,748","1,464","27"
"세종특별자치시  (3600000000)","391,965","391,965","38,680","54,143","36,463","57,808","76,443","59,127","39,512","19,635","8,321","1,796","37"
"세종특별자치시  (3611000000)","391,965","391,965","38,680","54,143","36,463","57,808","76,443","59,127","39,512","19,635","8,321","1,796","37"
"경기도  (4100000000)","13,730,135","13,730,135","889,965","1,326,501","1,557,604","1,925,447","2,183,467","2,355,969","1,967,747","988,210","454,565","78,621","2,039"
"북부출장소  (4110500000)","0","0","0","0","0","0","0","0","0","0","0","0","0"
"경기도 수원시 (4111000000)","1,186,515","1,186,515","72,648","110,857","162,003","187,775","184,743","200,256","157,577","72,725","32,298","5,473","160"
"경기도 수원시 장안구 (4111100000)","271,136","271,136","13,737","25,141","37,887","35,505","38,475","49,495","40,101","19,450","9,607","1,692","46"
"경기도 수원시 권선구 (4111300000)","361,064","361,064","21,260","31,828","45,064","57,580","56,326","61,204","52,702","23,739","9,679","1,636","46"
"경기도 수원시 팔달구 (4111500000)","191,822","191,822","10,421","13,023","27,888","32,147","26,567","31,741","27,524","14,762","6,697","1,018","34"
"경기도 수원시 영통구 (4111700000)","362,493","362,493","27,230","40,865","51,164","62,543","63,375","57,816","37,250","14,774","6,315","1,127","34"
"경기도 성남시 (4113000000)","905,794","905,794","54,161","81,235","105,471","134,428","140,924","150,686","130,341","71,163","31,691","5,539","155"
"경기도 성남시 수정구 (4113100000)","232,389","232,389","12,697","15,957","27,985","35,542","33,826","38,200","37,281","21,219","8,430","1,225","27"
"경기도 성남시 중원구 (4113300000)","203,572","203,572","10,294","13,965","23,782","31,246","29,003","33,749","34,159","18,650","7,639","1,042","43"
"경기도 성남시 분당구 (4113500000)","469,833","469,833","31,170","51,313","53,704","67,640","78,095","78,737","58,901","31,294","15,622","3,272","85"
"경기도 의정부시 (4115000000)","461,572","461,572","26,925","39,692","53,671","60,818","67,748","81,759","71,377","38,104","18,571","2,844","63"
"경기도 안양시 (4117000000)","563,279","563,279","35,164","49,178","64,107","86,692","83,155","94,374","86,750","42,740","17,790","3,258","71"
"경기도 안양시 만안구 (4117100000)","233,749","233,749","12,530","16,242","26,885","35,063","31,465","39,354","40,413","21,266","8,995","1,500","36"
"경기도 안양시 동안구 (4117300000)","329,530","329,530","22,634","32,936","37,222","51,629","51,690","55,020","46,337","21,474","8,795","1,758","35"
"경기도 부천시 (4119000000)","758,796","758,796","38,729","61,981","85,447","104,203","111,370","132,666","132,334","62,856","24,779","4,314","117"
"경기도 부천시 원미구 (4119200000)","384,561","384,561","19,765","31,840","45,566","55,327","56,943","66,602","65,243","29,735","11,385","2,096","59"
"경기도 부천시 소사구 (4119400000)","225,458","225,458","13,426","19,480","22,687","30,318","35,309","36,947","38,002","20,169","7,751","1,331","38"
"경기도 부천시 오정구 (4119600000)","148,777","148,777","5,538","10,661","17,194","18,558","19,118","29,117","29,089","12,952","5,643","887","20"
"경기도 광명시 (4121000000)","293,947","293,947","18,123","27,910","32,694","42,135","45,740","50,523","43,096","22,937","9,174","1,568","47"
"경기도 평택시 (4122000000)","610,402","610,402","46,546","58,656","72,293","99,412","100,869","101,404","75,370","35,549","17,342","2,895","66"
"경기도 송탄출장소 (4122200000)","0","0","0","0","0","0","0","0","0","0","0","0","0"
"경기도 안중출장소 (4122400000)","0","0","0","0","0","0","0","0","0","0","0","0","0"
"경기도 동두천시 (4125000000)","86,438","86,438","3,584","7,403","8,525","8,350","11,196","15,765","15,554","9,604","5,598","841","18"
"경기도 안산시 (4127000000)","612,508","612,508","29,640","52,365","82,432","83,016","85,159","120,485","100,033","38,548","17,409","3,308","113"
"경기도 안산시 상록구 (4127100000)","322,739","322,739","14,202","28,026","44,494","40,940","44,269","64,849","53,145","20,779","10,102","1,868","65"
"경기도 안산시 단원구 (4127300000)","289,769","289,769","15,438","24,339","37,938","42,076","40,890","55,636","46,888","17,769","7,307","1,440","48"
"경기도 고양시 (4128000000)","1,060,081","1,060,081","61,603","95,872","119,983","144,328","158,007","194,376","161,410","75,350","41,245","7,733","174"
"경기도 고양시 덕양구 (4128100000)","485,546","485,546","31,133","40,706","51,631","70,940","74,494","84,048","73,221","36,796","19,205","3,293","79"
"경기도 고양시 일산동구 (4128500000)","296,758","296,758","16,197","26,851","35,676","40,560","43,687","55,640","45,276","19,664","10,830","2,330","47"
"경기도 고양시 일산서구 (4128700000)","277,777","277,777","14,273","28,315","32,676","32,828","39,826","54,688","42,913","18,890","11,210","2,110","48"
"경기도 과천시 (4129000000)","79,908","79,908","8,165","8,168","8,117","12,158","12,884","11,904","10,608","4,960","2,378","550","16"
"경기도 구리시 (4131000000)","186,090","186,090","10,110","16,297","21,323","25,159","28,087","33,444","29,835","14,515","6,382","916","22"
"경기도 남양주시 (4136000000)","729,754","729,754","46,368","78,800","76,830","84,385","120,052","130,266","104,045","58,194","26,532","4,170","112"
"경기도 풍양출장소 (4136200000)","0","0","0","0","0","0","0","0","0","0","0","0","0"
"경기도 오산시 (4137000000)","249,410","249,410","17,987","27,011","28,713","40,285","46,549","40,927","28,223","13,050","5,796","850","19"
"경기도 시흥시 (4139000000)","515,032","515,032","38,137","52,141","57,658","74,274","89,256","92,440","69,973","27,192","11,832","2,071","58"
"경기도 군포시 (4141000000)","251,367","251,367","12,349","22,309","29,914","34,264","35,495","45,161","41,454","19,344","9,170","1,865","42"
"경기도 의왕시 (4143000000)","160,370","160,370","11,082","13,279","17,663","24,323","22,345","26,838","26,370","12,290","5,134","1,014","32"
"경기도 하남시 (4145000000)","327,939","327,939","26,442","33,650","33,111","49,121","59,889","49,567","42,524","23,920","8,313","1,359","43"
"경기도 용인시 (4146000000)","1,091,186","1,091,186","72,561","120,967","127,343","137,917","181,259","192,022","133,792","78,991","39,729","6,448","157"
"경기도 용인시 처인구 (4146100000)","282,044","282,044","17,792","26,152","32,114","37,303","44,375","49,066","42,215","21,649","9,598","1,742","38"
"경기도 용인시 기흥구 (4146300000)","435,048","435,048","27,178","48,864","53,221","52,380","70,953","79,797","52,030","31,367","16,469","2,712","77"
"경기도 용인시 수지구 (4146500000)","374,094","374,094","27,591","45,951","42,008","48,234","65,931","63,159","39,547","25,975","13,662","1,994","42"
"경기도 파주시 (4148000000)","526,005","526,005","38,384","55,353","54,657","73,471","87,496","88,652","69,348","35,975","19,283","3,311","75"
"경기도 이천시 (4150000000)","222,967","222,967","13,584","21,517","26,598","31,190","33,594","36,798","33,573","16,710","7,922","1,442","39"
"경기도 안성시 (4155000000)","196,592","196,592","10,447","17,531","21,814","23,570","29,058","33,967","32,042","17,692","8,807","1,626","38"
"경기도 김포시 (4157000000)","484,792","484,792","37,812","56,081","46,337","62,571","91,533","76,396","61,768","34,899","14,884","2,451","60"
"경기도 화성시 (4159000000)","989,969","989,969","89,239","117,509","109,052","164,342","186,620","150,987","102,792","46,374","19,427","3,552","75"
"경기도 화성시동부출장소 (4159200000)","0","0","0","0","0","0","0","0","0","0","0","0","0"
"경기도 화성시동탄출장소 (4159400000)","0","0","0","0","0","0","0","0","0","0","0","0","0"
"경기도 광주시 (4161000000)","397,346","397,346","26,638","36,297","38,390","51,721","67,288","69,921","61,620","31,274","12,247","1,889","61"
"경기도 양주시 (4163000000)","296,224","296,224","22,635","28,936","30,973","40,316","46,649","50,047","41,526","22,553","10,703","1,841","45"
"경기도 포천시 (4165000000)","140,452","140,452","5,634","9,816","14,063","13,813","15,641","26,112","30,744","15,203","7,901","1,474","51"
"경기도 여주시 (4167000000)","114,002","114,002","5,282","8,962","9,909","11,380","14,606","19,981","22,744","13,469","6,454","1,185","30"
"경기도 연천군 (4180000000)","42,340","42,340","1,871","2,735","4,278","4,135","4,183","6,474","9,069","5,714","3,278","587","16"
"경기도 가평군 (4182000000)","62,125","62,125","2,485","4,074","5,267","5,390","6,789","10,487","13,881","8,657","4,340","725","30"
"경기도 양평군 (4183000000)","126,933","126,933","5,630","9,919","8,968","10,505","15,283","21,284","27,974","17,658","8,156","1,522","34"
"강원특별자치도  (5100000000)","1,508,500","1,508,500","80,673","125,351","148,129","158,676","194,973","257,290","280,348","159,978","87,800","14,847","435"
"동해출장소  (5110500000)","0","0","0","0","0","0","0","0","0","0","0","0","0"
"강원특별자치도 춘천시 (5111000000)","285,234","285,234","17,234","25,593","34,996","34,885","38,751","46,239","45,431","24,953","14,520","2,568","64"
"강원특별자치도 원주시 (5113000000)","363,194","363,194","23,605","34,444","38,563","47,028","53,693","62,335","58,061","27,980","14,780","2,645","60"
"강원특별자치도 강릉시 (5115000000)","206,237","206,237","10,151","16,620","20,130","20,541","27,149","36,413","37,384","23,167","12,438","2,185","59"
"강원특별자치도 동해시 (5117000000)","86,333","86,333","4,652","7,885","7,588","8,076","11,893","15,953","15,193","9,526","4,823","726","18"
"강원특별자치도 태백시 (5119000000)","37,088","37,088","1,464","3,226","2,622","2,696","4,849","6,681","7,362","5,279","2,574","323","12"
"강원특별자치도 속초시 (5121000000)","79,636","79,636","4,215","6,623","6,895","8,627","10,751","14,438","15,044","8,355","4,010","656","22"
"강원특별자치도 삼척시 (5123000000)","60,518","60,518","2,721","4,501","5,878","4,674","6,864","10,538","12,161","7,820","4,481","855","25"
"강원특별자치도 홍천군 (5172000000)","66,109","66,109","2,773","4,338","4,872","5,438","6,735","10,731","16,136","9,187","4,931","937","31"
"강원특별자치도 횡성군 (5173000000)","45,627","45,627","1,558","3,232","2,823","2,798","4,239","7,471","12,065","6,967","3,793","663","18"
"강원특별자치도 영월군 (5175000000)","36,054","36,054","1,185","2,395","2,407","2,282","3,589","6,295","8,840","5,484","3,079","488","10"
"강원특별자치도 평창군 (5176000000)","39,831","39,831","1,191","2,515","2,661","2,515","4,046","7,216","10,109","5,944","3,163","455","16"
"강원특별자치도 정선군 (5177000000)","34,879","34,879","1,066","2,125","2,353","2,277","3,983","6,563","8,403","5,008","2,684","390","27"
"강원특별자치도 철원군 (5178000000)","39,979","39,979","2,255","3,057","4,044","4,127","4,431","6,325","7,634","4,708","2,991","394","13"
"강원특별자치도 화천군 (5179000000)","22,371","22,371","1,193","1,603","2,742","2,409","2,216","3,348","4,447","2,494","1,637","265","17"
"강원특별자치도 양구군 (5180000000)","20,410","20,410","1,231","1,815","2,130","2,197","2,252","3,017","4,029","2,134","1,372","230","3"
"강원특별자치도 인제군 (5181000000)","30,863","30,863","1,918","2,141","3,356","3,713","3,686","4,596","6,189","3,123","1,821","306","14"
"강원특별자치도 고성군 (5182000000)","26,845","26,845","1,195","1,581","2,204","2,368","2,727","4,487","5,807","3,761","2,328","375","12"
"강원특별자치도 양양군 (5183000000)","27,292","27,292","1,066","1,657","1,865","2,025","3,119","4,644","6,053","4,088","2,375","386","14"
"충청북도  (4300000000)","1,596,502","1,596,502","93,256","143,242","166,917","193,236","221,812","271,167","269,755","147,206","75,788","13,806","317"
"충청북도 청주시 (4311000000)","856,152","856,152","58,255","84,383","102,477","122,872","130,425","142,182","120,904","60,755","28,694","5,098","107"
"충청북도 청주시 상당구 (4311100000)","194,551","194,551","12,917","19,718","20,070","23,893","28,857","33,725","30,394","15,844","7,752","1,357","24"
"충청북도 청주시 서원구 (4311200000)","182,689","182,689","9,390","16,822","24,034","21,912","24,519","32,748","29,251","15,450","7,288","1,245","30"
"충청북도 청주시 흥덕구 (4311300000)","292,051","292,051","23,119","27,920","36,359","50,229","46,058","46,555","36,694","16,622","7,127","1,338","30"
"충청북도 청주시 청원구 (4311400000)","186,861","186,861","12,829","19,923","22,014","26,838","30,991","29,154","24,565","12,839","6,527","1,158","23"
"충청북도 충주시 (4313000000)","206,540","206,540","10,862","17,339","20,054","22,596","27,356","35,996","37,895","20,872","11,416","2,101","53"
"충청북도 제천시 (4315000000)","128,003","128,003","6,090","10,744","12,783","11,317","15,216","22,404","25,371","15,098","7,744","1,199","37"
"충청북도 보은군 (4372000000)","30,529","30,529","975","1,764","1,779","1,794","2,673","4,866","7,782","5,061","3,092","735","8"
"충청북도 옥천군 (4373000000)","49,601","49,601","1,684","3,520","3,612","3,326","5,245","8,572","11,309","7,450","3,994","870","19"
"충청북도 영동군 (4374000000)","43,032","43,032","1,328","2,721","2,942","2,602","3,837","7,377","10,351","6,974","4,160","723","17"
"충청북도 증평군 (4374500000)","36,680","36,680","2,248","3,332","3,632","4,505","5,197","6,211","6,125","3,381","1,733","311","5"
"충청북도 진천군 (4375000000)","86,580","86,580","5,774","8,667","7,636","10,778","13,964","14,750","13,573","6,883","3,779","762","14"
"충청북도 괴산군 (4376000000)","38,293","38,293","1,118","1,900","2,341","2,207","3,273","6,508","10,320","6,347","3,622","641","16"
"충청북도 음성군 (4377000000)","94,280","94,280","4,168","7,322","8,104","9,644","12,230","17,668","18,911","9,982","5,212","1,007","32"
"충청북도 단양군 (4380000000)","26,812","26,812","754","1,550","1,557","1,595","2,396","4,633","7,214","4,403","2,342","359","9"
"충청남도  (4400000000)","2,136,753","2,136,753","126,480","202,673","212,177","252,555","313,704","352,375","340,557","203,653","109,157","22,955","467"
"충청남도 천안시 (4413000000)","664,322","664,322","43,782","67,995","85,358","98,368","109,351","111,113","86,756","40,008","18,145","3,379","67"
"충청남도 천안시 동남구 (4413100000)","262,470","262,470","14,566","25,063","32,351","33,137","39,245","45,895","40,647","20,341","9,381","1,804","40"
"충청남도 천안시 서북구 (4413300000)","401,852","401,852","29,216","42,932","53,007","65,231","70,106","65,218","46,109","19,667","8,764","1,575","27"
"충청남도 공주시 (4415000000)","99,979","99,979","3,586","7,676","10,257","8,035","10,975","16,224","20,670","13,418","7,397","1,704","37"
"충청남도 보령시 (4418000000)","92,117","92,117","3,945","7,076","6,972","7,460","11,118","15,817","18,547","12,972","6,828","1,344","38"
"충청남도 아산시 (4420000000)","359,378","359,378","28,759","40,510","37,710","52,387","64,218","55,937","43,171","23,041","11,421","2,189","35"
"충청남도 서산시 (4421000000)","172,438","172,438","10,489","16,878","15,508","19,566","25,217","29,735","27,490","16,406","8,998","2,098","53"
"충청남도 논산시 (4423000000)","106,777","106,777","4,661","8,319","8,458","9,065","12,116","17,963","21,499","14,514","8,336","1,810","36"
"충청남도 계룡시 (4425000000)","45,846","45,846","3,192","6,086","4,403","5,246","7,834","8,307","6,149","3,071","1,270","282","6"
"충청남도 당진시 (4427000000)","172,564","172,564","11,446","17,082","14,013","20,509","27,673","28,867","26,908","15,628","8,617","1,784","37"
"충청남도 금산군 (4471000000)","48,898","48,898","1,544","3,933","3,126","2,941","4,903","8,390","11,072","7,664","4,443","867","15"
"충청남도 부여군 (4476000000)","58,377","58,377","1,651","3,833","3,634","3,449","5,402","9,078","13,477","10,056","6,302","1,458","37"
"충청남도 서천군 (4477000000)","47,225","47,225","1,401","2,797","2,853","2,770","4,331","7,433","10,512","8,596","5,301","1,215","16"
"충청남도 청양군 (4479000000)","29,986","29,986","821","1,842","2,256","1,757","2,568","4,664","7,124","4,983","3,206","758","7"
"충청남도 홍성군 (4480000000)","100,557","100,557","5,978","9,423","8,322","10,459","13,206","16,151","17,151","11,688","6,669","1,485","25"
"충청남도 예산군 (4481000000)","78,815","78,815","3,266","5,495","5,477","6,597","8,497","12,847","16,469","11,788","6,884","1,460","35"
"충청남도 태안군 (4482500000)","59,474","59,474","1,959","3,728","3,830","3,946","6,295","9,849","13,562","9,820","5,340","1,122","23"
"전북특별자치도  (5200000000)","1,724,856","1,724,856","88,058","159,659","172,187","172,921","227,201","298,093","291,376","191,585","103,074","20,255","447"
"전북특별자치도 전주시 (5211000000)","625,437","625,437","36,959","66,291","76,688","74,849","92,347","107,870","88,565","53,074","24,429","4,289","76"
"전북특별자치도 전주시 완산구 (5211100000)","316,419","316,419","16,185","31,236","39,181","36,556","43,838","56,415","48,377","29,160","13,001","2,424","46"
"전북특별자치도 전주시 덕진구 (5211300000)","309,018","309,018","20,774","35,055","37,507","38,293","48,509","51,455","40,188","23,914","11,428","1,865","30"
"전북특별자치도 군산시 (5213000000)","256,291","256,291","13,944","25,226","24,077","25,940","37,926","45,636","41,816","27,190","12,317","2,166","53"
"전북특별자치도 익산시 (5214000000)","267,066","267,066","12,915","24,588","28,644","27,169","34,419","47,468","46,162","28,687","14,195","2,761","58"
"전북특별자치도 정읍시 (5218000000)","101,123","101,123","4,215","8,160","8,239","7,905","11,543","17,794","19,145","13,616","8,569","1,902","35"
"전북특별자치도 남원시 (5219000000)","74,272","74,272","3,229","6,015","5,562","5,425","8,155","13,265","14,184","10,522","6,450","1,429","36"
"전북특별자치도 김제시 (5221000000)","81,676","81,676","3,447","5,657","6,340","6,774","8,719","13,226","16,430","11,884","7,427","1,735","37"
"전북특별자치도 완주군 (5271000000)","100,444","100,444","5,776","8,701","8,743","11,333","13,208","16,928","17,557","11,083","5,858","1,228","29"
"전북특별자치도 진안군 (5272000000)","24,249","24,249","829","1,478","1,529","1,369","2,051","4,054","5,708","4,065","2,615","532","19"
"전북특별자치도 무주군 (5273000000)","22,787","22,787","707","1,660","1,447","1,425","2,221","3,858","4,976","3,560","2,449","472","12"
"전북특별자치도 장수군 (5274000000)","20,922","20,922","687","1,453","1,326","1,228","1,992","3,464","4,614","3,482","2,215","451","10"
"전북특별자치도 임실군 (5275000000)","25,259","25,259","976","1,362","1,446","1,624","2,170","3,971","5,705","4,298","3,038","653","16"
"전북특별자치도 순창군 (5277000000)","27,714","27,714","1,072","2,004","2,054","1,715","2,808","4,689","5,732","4,088","2,973","563","16"
"전북특별자치도 고창군 (5279000000)","50,396","50,396","1,709","3,895","3,065","3,167","4,840","8,076","10,581","8,202","5,696","1,128","37"
"전북특별자치도 부안군 (5280000000)","47,220","47,220","1,593","3,169","3,027","2,998","4,802","7,794","10,201","7,834","4,843","946","13"
"전라남도  (4600000000)","1,779,135","1,779,135","95,608","155,722","159,467","170,351","227,279","303,160","317,260","205,183","122,263","22,308","534"
"전라남도 목포시 (4611000000)","202,003","202,003","10,262","21,434","21,102","19,524","30,832","36,195","31,932","20,022","9,362","1,305","33"
"전라남도 여수시 (4613000000)","263,284","263,284","14,532","23,928","25,708","27,211","35,920","45,772","45,446","29,394","13,239","2,075","59"
"전라남도 순천시 (4615000000)","275,492","275,492","18,026","28,086","30,025","32,673","38,613","48,028","43,263","22,816","11,591","2,321","50"
"전라남도 나주시 (4617000000)","117,076","117,076","8,480","10,491","10,082","14,525","16,607","17,407","18,719","11,944","7,428","1,359","34"
"전라남도 광양시 (4623000000)","155,259","155,259","10,816","15,862","16,061","19,902","22,534","29,765","23,505","10,740","5,022","1,028","24"
"전라남도 담양군 (4671000000)","44,177","44,177","1,655","2,845","3,201","3,185","4,327","7,537","9,794","6,521","4,300","791","21"
"전라남도 곡성군 (4672000000)","27,287","27,287","758","1,596","1,839","1,746","2,403","4,617","6,164","4,256","3,120","768","20"
"전라남도 구례군 (4673000000)","23,803","23,803","708","1,525","1,495","1,266","2,163","4,102","5,404","3,821","2,789","518","12"
"전라남도 고흥군 (4677000000)","59,455","59,455","1,806","3,123","3,089","3,059","4,962","9,021","13,442","11,379","7,843","1,687","44"
"전라남도 보성군 (4678000000)","36,858","36,858","1,124","2,189","2,161","1,987","3,179","5,764","8,151","6,487","4,774","1,022","20"
"전라남도 화순군 (4679000000)","60,215","60,215","2,443","4,713","5,610","4,750","6,303","10,880","11,867","7,415","5,270","942","22"
"전라남도 장흥군 (4680000000)","34,201","34,201","1,264","2,293","2,298","2,214","3,289","5,558","7,194","5,374","3,857","849","11"
"전라남도 강진군 (4681000000)","31,799","31,799","1,373","2,099","2,136","2,138","2,960","4,951","6,812","4,984","3,628","701","17"
"전라남도 해남군 (4682000000)","62,188","62,188","2,438","4,373","4,174","3,959","6,296","10,272","13,377","9,677","6,516","1,084","22"
"전라남도 영암군 (4683000000)","50,069","50,069","2,039","3,808","3,983","3,665","6,252","9,110","9,814","6,301","4,241","834","22"
"전라남도 무안군 (4684000000)","95,592","95,592","7,335","10,936","9,293","11,334","15,208","14,303","13,128","8,447","4,778","808","22"
"전라남도 함평군 (4686000000)","29,458","29,458","911","1,703","1,836","1,778","2,607","4,902","6,527","4,886","3,613","677","18"
"전라남도 영광군 (4687000000)","53,526","53,526","3,310","3,890","4,521","5,018","6,004","8,626","9,671","7,106","4,602","759","19"
"전라남도 장성군 (4688000000)","42,958","42,958","1,864","3,038","3,405","3,400","4,570","7,316","8,622","6,006","3,968","750","19"
"전라남도 완도군 (4689000000)","44,613","44,613","1,973","3,207","2,732","2,767","5,111","7,154","9,057","6,939","4,892","766","15"
"전라남도 진도군 (4690000000)","27,964","27,964","1,107","1,924","1,912","1,788","2,780","4,544","5,916","4,242","3,212","528","11"
"전라남도 신안군 (4691000000)","41,858","41,858","1,384","2,659","2,804","2,462","4,359","7,336","9,455","6,426","4,218","736","19"
"경상북도  (4700000000)","2,506,526","2,506,526","128,817","215,139","220,603","252,742","333,006","433,655","461,960","285,590","146,989","27,460","565"
"경상북도 포항시 (4711000000)","488,707","488,707","28,241","46,100","44,310","54,230","70,361","84,609","87,153","51,064","19,612","2,970","57"
"경상북도 포항시 남구 (4711100000)","215,206","215,206","11,175","20,238","20,039","22,297","31,410","37,523","38,745","23,701","8,824","1,232","22"
"경상북도 포항시 북구 (4711300000)","273,501","273,501","17,066","25,862","24,271","31,933","38,951","47,086","48,408","27,363","10,788","1,738","35"
"경상북도 경주시 (4713000000)","244,055","244,055","11,574","18,886","20,315","23,095","30,303","45,011","47,720","29,539","14,922","2,639","51"
"경상북도 김천시 (4715000000)","133,791","133,791","7,309","11,949","10,601","13,066","17,231","22,374","24,848","16,097","8,509","1,776","31"
"경상북도 안동시 (4717000000)","152,610","152,610","7,291","12,915","15,241","14,094","18,575","25,402","27,666","18,769","10,641","1,971","45"
"경상북도 구미시 (4719000000)","403,883","403,883","27,641","44,561","43,985","57,715","69,918","71,710","54,769","22,406","9,301","1,831","46"
"경상북도 영주시 (4721000000)","97,162","97,162","4,127","8,539","7,878","7,397","10,998","16,573","18,972","13,655","7,571","1,417","35"
"경상북도 영천시 (4723000000)","95,185","95,185","4,130","5,950","6,440","7,771","10,165","16,565","20,728","14,427","7,663","1,331","15"
"경상북도 상주시 (4725000000)","89,888","89,888","3,433","6,882","5,881","5,971","9,118","14,574","19,756","13,884","8,546","1,804","39"
"경상북도 문경시 (4728000000)","65,348","65,348","2,515","4,840","4,491","4,351","6,905","10,697","14,245","10,142","5,985","1,146","31"
"경상북도 경산시 (4729000000)","263,853","263,853","14,439","22,909","33,118","30,509","36,603","46,113","42,126","24,630","11,515","1,861","30"
"경상북도 의성군 (4773000000)","47,902","47,902","1,271","2,034","1,947","2,614","3,736","7,037","12,328","9,554","6,108","1,253","20"
"경상북도 청송군 (4775000000)","23,363","23,363","695","993","1,165","1,446","1,873","3,724","5,953","4,269","2,736","500","9"
"경상북도 영양군 (4776000000)","15,941","15,941","421","895","915","943","1,352","2,643","3,868","2,695","1,870","325","14"
"경상북도 영덕군 (4777000000)","32,698","32,698","955","1,737","1,589","1,827","2,971","5,295","7,550","5,921","4,088","753","12"
"경상북도 청도군 (4782000000)","40,117","40,117","1,008","1,983","1,742","2,139","3,532","6,250","10,364","7,871","4,266","941","21"
"경상북도 고령군 (4783000000)","29,667","29,667","865","1,657","1,742","1,852","2,897","5,257","7,218","4,878","2,762","525","14"
"경상북도 성주군 (4784000000)","40,720","40,720","1,270","1,976","2,004","2,746","3,820","6,883","10,671","7,107","3,505","728","10"
"경상북도 칠곡군 (4785000000)","104,842","104,842","5,013","10,399","8,603","9,901","17,473","21,105","17,460","9,089","4,834","940","25"
"경상북도 예천군 (4790000000)","53,887","53,887","3,552","4,719","3,196","4,935","6,780","7,486","9,863","7,403","4,858","1,081","14"
"경상북도 봉화군 (4792000000)","28,315","28,315","748","1,668","1,274","1,368","2,291","4,600","7,324","5,096","3,221","703","22"
"경상북도 울진군 (4793000000)","45,896","45,896","2,083","3,124","3,518","3,998","5,044","7,998","9,377","5,929","3,946","856","23"
"경상북도 울릉군 (4794000000)","8,696","8,696","236","423","648","774","1,060","1,749","2,001","1,165","530","109","1"
"경상남도  (4800000000)","3,207,383","3,207,383","178,917","314,631","288,774","342,312","475,747","578,976","548,119","310,472","143,566","25,362","507"
"경상남도 창원시 (4812000000)","990,898","990,898","57,333","95,624","98,036","118,858","151,162","177,024","166,981","87,672","33,004","5,118","86"
"경상남도 창원시 의창구 (4812100000)","207,141","207,141","12,053","18,950","21,291","25,310","30,579","37,814","36,843","17,221","6,069","993","18"
"경상남도 창원시 성산구 (4812300000)","246,904","246,904","15,858","24,139","28,261","36,195","37,027","46,770","40,276","13,531","4,094","740","13"
"경상남도 창원시 마산합포구 (4812500000)","175,800","175,800","9,542","15,193","15,113","18,505","25,765","28,325","31,514","21,436","8,998","1,381","28"
"경상남도 창원시 마산회원구 (4812700000)","176,275","176,275","8,518","16,309","15,954","18,205","25,374","32,051","31,823","19,817","7,272","943","9"
"경상남도 창원시 진해구 (4812900000)","184,778","184,778","11,362","21,033","17,417","20,643","32,417","32,064","26,525","15,667","6,571","1,061","18"
"경상남도 진주시 (4817000000)","335,939","335,939","20,552","33,416","37,469","39,189","47,148","57,274","52,305","31,307","14,667","2,553","59"
"경상남도 통영시 (4822000000)","116,667","116,667","4,926","12,199","8,574","8,872","17,511","21,743","22,218","13,814","5,912","883","15"
"경상남도 사천시 (4824000000)","107,935","107,935","5,329","10,097","8,895","10,333","15,292","19,477","18,362","12,443","6,533","1,156","18"
"경상남도 사천남양출장소 (4824500000)","0","0","0","0","0","0","0","0","0","0","0","0","0"
"경상남도 김해시 (4825000000)","533,035","533,035","34,282","59,085","54,011","64,389","86,394","104,579","78,089","35,367","14,554","2,242","43"
"경상남도 장유출장소 (4825200000)","0","0","0","0","0","0","0","0","0","0","0","0","0"
"경상남도 밀양시 (4827000000)","99,252","99,252","3,641","6,954","6,580","7,514","10,992","16,561","22,687","15,333","7,609","1,356","25"
"경상남도 거제시 (4831000000)","231,178","231,178","14,480","29,023","18,502","22,702","44,530","45,264","33,722","15,916","5,896","1,115","28"
"경상남도 양산시 (4833000000)","361,155","361,155","25,026","37,512","32,063","44,801","60,404","63,570","54,791","29,158","12,042","1,751","37"
"경상남도 양산시웅상출장소 (4833200000)","0","0","0","0","0","0","0","0","0","0","0","0","0"
"경상남도 의령군 (4872000000)","24,636","24,636","686","1,283","1,294","1,385","2,153","4,054","5,992","4,249","2,891","629","20"
"경상남도 함안군 (4873000000)","57,558","57,558","2,083","5,241","3,644","3,838","7,138","10,381","12,248","7,906","4,250","823","6"
"경상남도 창녕군 (4874000000)","54,900","54,900","1,784","3,727","2,812","3,602","5,563","9,145","13,124","9,027","5,114","990","12"
"경상남도 고성군 (4882000000)","47,099","47,099","1,241","3,796","2,641","2,528","4,993","8,209","10,722","7,689","4,352","918","10"
"경상남도 남해군 (4884000000)","40,770","40,770","1,045","2,734","2,344","2,144","3,594","6,680","9,259","7,153","4,637","1,149","31"
"경상남도 하동군 (4885000000)","39,974","39,974","1,074","2,179","2,027","2,121","3,325","7,132","9,848","6,875","4,377","990","26"
"경상남도 산청군 (4886000000)","32,745","32,745","770","1,717","1,633","1,637","2,555","5,719","8,326","5,833","3,723","805","27"
"경상남도 함양군 (4887000000)","35,472","35,472","1,111","2,521","2,007","1,975","3,257","6,124","8,060","5,693","3,940","766","18"
"경상남도 거창군 (4888000000)","58,980","58,980","2,621","5,570","4,379","4,515","6,552","9,866","11,575","7,824","4,986","1,065","27"
"경상남도 합천군 (4889000000)","39,190","39,190","933","1,953","1,863","1,909","3,184","6,174","9,810","7,213","5,079","1,053","19"
"제주특별자치도  (5000000000)","664,792","664,792","44,221","70,257","65,686","77,002","102,473","118,870","98,578","53,569","27,880","6,059","197"
"제주특별자치도 제주시 (5011000000)","485,182","485,182","33,370","52,439","50,997","59,800","75,595","86,216","68,314","36,109","18,276","3,929","137"
"제주특별자치도 서귀포시 (5013000000)","179,610","179,610","10,851","17,818","14,689","17,202","26,878","32,654","30,264","17,460","9,604","2,130","60"
